f_I,f_Q,SNR_I,SNR_Q
6.250000e-02,6.250000e-02,8.195579e+01,8.194504e+01
1.875000e-01,1.875000e-01,8.288001e+01,8.287944e+01
3.125000e-01,3.125000e-01,8.384924e+01,8.384874e+01
4.375000e-01,4.375000e-01,8.155654e+01,8.166140e+01
