f_I,f_Q,SNR_I,SNR_Q
6.250000e-02,6.250000e-02,6.643702e+01,6.597697e+01
1.875000e-01,1.875000e-01,6.756204e+01,6.755866e+01
3.125000e-01,3.125000e-01,6.747500e+01,6.747796e+01
4.375000e-01,4.375000e-01,6.504563e+01,6.522029e+01
